food,calories,carbohydrates,fiber,net_carbs,fats,protein,vit-a_rae,vit-a,vit-b1,vit-b2,vit-b3,vit-b3,vit-b6,vit-b9,vit-c,vit-e,vit-k,choline,betaine,calcium,copper,fluoride,iron,magnesium,manganese,phosphorus,potassium,selenium,sodium,zinc,Other Names,Comments,Source
abiyuch,69,17.6,5.3,12.3,0.1,1.5,5,100,,,,,,,54.1,,,,,8,0.057,,1.61,24,0.182,47,304,,20,0.31,,,https://fdc.nal.usda.gov/fdc-app.html#/food-details/167782/nutrients
acerola,32,7.69,1.1,6.59,0.3,0.4,38,767,0.02,0.06,0.4,0.309,0.009,14,1677.6,,,,,12,0.086,,0.2,18,,11,146,0.6,7,0.1,West Indian Cherry,,https://fdc.nal.usda.gov/fdc-app.html#/food-details/171686/nutrients
acorn,387,40.75,,,23.86,6.15,2,39,0.112,0.118,1.827,0.715,0.528,87,0,,,,,41,0.621,,0.79,62,1.337,79,539,,0,0.51,,,https://fdc.nal.usda.gov/fdc-app.html#/food-details/170157/nutrients
apple,52,13.81,2.4,11.41,0.17,0.26,3,54,0.017,0.026,0.091,0.061,0.041,3,4.6,0.18,2.2,3.4,0.1,6,0.027,3.3,0.12,5,0.035,11,107,0,1,0.04,"Wild Apple, Malus",,https://fdc.nal.usda.gov/fdc-app.html#/food-details/171688/nutrients
apple crab,76,19.95,,,0.3,0.4,2,40,0.03,0.02,0.1,,,,8,,,,,18,0.067,,0.36,7,0.115,15,194,,1,,Green Apple,,https://fdc.nal.usda.gov/fdc-app.html#/food-details/171721/nutrients
apple granny smith,58,13.61,2.8,10.81,0.19,0.44,5,100,0.019,0.025,0.126,0.056,0.037,3,,0.18,3.2,3.4,,5,0.031,,0.15,5,0.044,12,120,0.1,1,0.04,,,https://fdc.nal.usda.gov/fdc-app.html#/food-details/168203/nutrients
apple rose,25,5.7,,,0.3,0.6,17,339,0.02,0.03,0.8,,,,22.3,,,,,29,0.016,,0.07,5,0.029,8,123,,0,0.06,,,https://fdc.nal.usda.gov/fdc-app.html#/food-details/168171/nutrients
apricot,48,11.12,2,9.12,0.39,1.4,96,1926,0.03,0.04,0.6,0.24,0.054,9,10,0.89,3.3,2.8,,13,0.078,,0.39,10,0.077,23,259,0.1,1,0.2,,,https://fdc.nal.usda.gov/fdc-app.html#/food-details/171697/nutrients
avocado,160,8.53,6.7,1.83,14.66,2,7,146,0.067,0.13,1.738,1.389,0.257,81,10,2.07,21,14.2,0.7,12,0.19,7,0.55,29,0.142,52,485,0.4,7,0.64,,,https://fdc.nal.usda.gov/fdc-app.html#/food-details/171705/nutrients
banana,89,22.84,2.6,20.24,0.33,1.09,3,64,0.031,0.073,0.665,0.334,0.367,20,8.7,0.1,0.5,9.8,0.1,5,0.078,2.2,0.26,27,0.27,22,358,1,1,0.15,,,https://fdc.nal.usda.gov/fdc-app.html#/food-details/173944/nutrients
blackberry,43,9.61,5.3,4.31,0.49,1.39,11,214,0.02,0.026,0.646,0.276,0.03,25,21,1.17,19.8,8.5,0.3,29,0.165,,0.62,20,0.646,22,162,0.4,1,0.53,,,https://fdc.nal.usda.gov/fdc-app.html#/food-details/173946/nutrients
blueberry,57,14.49,2.4,12.09,0.33,0.74,3,54,0.037,0.041,0.418,0.124,0.052,6,9.7,0.57,19.3,6,0.2,6,0.057,,0.28,6,0.336,12,77,0.1,1,0.16,,,https://fdc.nal.usda.gov/fdc-app.html#/food-details/171711/nutrients
boysenberry,50,12.19,5.3,6.89,0.26,1.1,3,67,0.053,0.037,0.767,0.25,0.056,63,3.1,0.87,7.8,10.2,,27,0.08,,0.85,16,0.547,27,139,0.2,1,0.22,,"Frozen, Unsweetened",https://fdc.nal.usda.gov/fdc-app.html#/food-details/171713/nutrients
breadfruit,103,27.12,4.9,22.22,0.23,1.07,0,0,0.11,0.03,0.9,0.457,0.1,14,29,0.1,0.5,9.8,,17,0.084,,0.54,25,0.06,30,490,0.6,2,0.12,,,https://fdc.nal.usda.gov/fdc-app.html#/food-details/171714/nutrients
breadfruit seed,191,29.24,5.2,24.04,5.59,7.4,13,256,0.482,0.301,0.438,0.877,0.32,53,6.6,,,,,36,1.148,,3.67,54,0.142,175,941,,25,0.9,,,https://fdc.nal.usda.gov/fdc-app.html#/food-details/170144/nutrients
carambola,31,6.73,2.8,3.93,0.33,1.04,3,61,0.014,0.016,0.367,0.391,0.017,12,34.4,0.15,0,7.6,,3,0.137,,0.08,10,0.037,12,133,0.6,2,0.12,"Starfruit, Birambi",,https://fdc.nal.usda.gov/fdc-app.html#/food-details/171715/nutrients
cherry sour,50,12.18,1.6,10.58,0.3,1,64,1283,0.03,0.04,0.4,0.143,0.044,8,10,0.07,2.1,6.1,,16,0.104,,0.32,9,0.112,15,173,0,3,0.1,,,https://fdc.nal.usda.gov/fdc-app.html#/food-details/173954/nutrients
cherry sweet,63,16.01,2.1,13.91,0.2,1.06,3,64,0.027,0.033,0.154,0.199,0.049,4,7,0.07,2.1,6.1,,13,0.06,2,0.36,11,0.07,21,222,0,0,0.07,,,https://fdc.nal.usda.gov/fdc-app.html#/food-details/171719/nutrients
chestnut chinese,224,49.07,,,1.11,4.2,10,202,0.16,0.18,0.8,0.555,0.41,68,36,,,,,18,0.363,,1.41,84,1.601,96,447,,3,0.87,,,https://fdc.nal.usda.gov/fdc-app.html#/food-details/170164/nutrients
chestnut european (with peel),213,45.54,8.1,37.44,2.26,2.42,1,28,0.238,0.168,1.179,0.509,0.376,62,43,,,,,27,0.447,,1.01,32,0.952,93,518,,3,0.52,,,https://fdc.nal.usda.gov/fdc-app.html#/food-details/170574/nutrients
chestnut european (without peel),196,44.17,,,1.25,1.63,1,26,0.144,0.016,1.102,0.476,0.352,58,40.2,,,,,19,0.418,,0.94,30,0.336,38,484,,2,0.49,,,https://fdc.nal.usda.gov/fdc-app.html#/food-details/170575/nutrients
chestnut japanese,154,34.91,,,0.53,2.25,2,37,0.344,0.163,1.5,0.206,0.283,47,26.3,,,,,31,0.562,,1.45,49,1.591,72,329,,14,1.1,,,https://fdc.nal.usda.gov/fdc-app.html#/food-details/169413/nutrients
clementine,47,12.02,1.7,10.32,0.15,0.85,,,0.086,0.03,0.636,0.151,0.075,24,48.8,0.2,0,14,0.1,30,0.043,,0.14,10,0.023,21,177,0.1,1,0.06,,,https://fdc.nal.usda.gov/fdc-app.html#/food-details/168195/nutrients
coconut meat,354,15.23,9,6.23,33.49,3.33,0,0,0.066,0.02,0.54,0.3,0.054,26,3.3,0.24,0.2,12.1,,14,0.435,,2.43,32,1.5,113,356,10.1,20,1.1,,,https://fdc.nal.usda.gov/fdc-app.html#/food-details/170169/nutrients
cranberry,46,11.97,3.6,8.37,0.13,0.46,3,63,0.012,0.02,0.101,0.295,0.057,1,14,1.32,5,5.5,0.2,8,0.056,,0.23,6,0.267,11,80,0.1,2,0.09,,,https://fdc.nal.usda.gov/fdc-app.html#/food-details/171722/nutrients
currant black,63,15.38,,,0.41,1.4,12,230,0.05,0.05,0.3,0.398,0.066,,181,1,,,,55,0.086,,1.54,24,0.256,59,322,,2,0.27,,,https://fdc.nal.usda.gov/fdc-app.html#/food-details/173963/nutrients
"currant red, white",56,13.8,4.3,9.5,0.2,1.4,2,42,0.04,0.05,0.1,0.064,0.07,8,41,0.1,11,7.6,,33,0.107,,1,13,0.186,44,275,0.6,1,0.23,,,https://fdc.nal.usda.gov/fdc-app.html#/food-details/173964/nutrients
custard apple,101,25.2,2.4,22.8,0.6,1.7,2,33,0.08,0.1,0.5,0.135,0.221,,19.2,,,,,30,,,0.71,18,,21,382,,4,,,,https://fdc.nal.usda.gov/fdc-app.html#/food-details/171725/nutrients
custard apple cherimoya,75,17.71,3,14.71,0.68,1.57,0,5,0.101,0.131,0.644,0.345,0.257,23,12.6,0.27,,,,10,0.069,,0.27,17,0.093,26,287,,7,0.16,,,https://fdc.nal.usda.gov/fdc-app.html#/food-details/173953/nutrients
dates deglet noor,282,75.03,8,67.03,0.39,2.45,0,10,0.052,0.066,1.274,0.589,0.165,19,0.4,0.05,2.7,6.3,0.4,39,0.206,,1.02,43,0.262,62,656,3,2,0.29,,,https://fdc.nal.usda.gov/fdc-app.html#/food-details/171726/nutrients
dates medjool,277,74.97,6.7,68.27,0.15,1.81,7,149,0.05,0.06,1.61,0.805,0.249,15,0,,2.7,9.9,0.4,64,0.362,,0.9,54,0.296,62,696,,1,0.44,,,https://fdc.nal.usda.gov/fdc-app.html#/food-details/168191/nutrients
durian,147,27.09,3.8,23.29,5.33,1.47,2,44,0.374,0.2,1.074,0.23,0.316,36,19.7,,,,,6,0.207,,0.43,30,0.325,39,436,,2,0.28,,,https://fdc.nal.usda.gov/fdc-app.html#/food-details/168192/nutrients
elderberry,73,18.4,7,11.4,0.5,0.66,30,600,0.07,0.06,0.5,0.14,0.23,6,36,,,,,38,0.061,,1.6,5,,39,280,0.6,6,0.11,,,https://fdc.nal.usda.gov/fdc-app.html#/food-details/171727/nutrients
feijoa,61,15.21,6.4,8.81,0.42,0.71,0,6,0.006,0.018,0.295,0.233,0.067,23,32.9,0.16,3.5,,,17,0.036,,0.14,9,0.084,19,172,,3,0.06,,,https://fdc.nal.usda.gov/fdc-app.html#/food-details/168176/nutrients
fig,74,19.18,2.9,16.28,0.3,0.75,7,142,0.06,0.05,0.4,0.3,0.113,6,2,0.11,4.7,4.7,,35,0.07,,0.37,17,0.128,14,232,0.2,1,0.15,,,https://fdc.nal.usda.gov/fdc-app.html#/food-details/173021/nutrients
gooseberry,44,10.18,4.3,5.88,0.58,0.88,15,290,0.04,0.03,0.3,0.286,0.08,6,27.7,0.37,,,,25,0.07,,0.31,10,0.144,27,198,0.6,1,0.12,Amla,,https://fdc.nal.usda.gov/fdc-app.html#/food-details/173030/nutrients
"grapefruit pink, red, white",32,8.08,1.1,6.98,0.1,0.63,46,927,0.036,0.02,0.25,0.283,0.042,10,34.4,0.13,0,7.7,,12,0.047,1,0.09,8,0.012,8,139,0.3,0,0.07,,,https://fdc.nal.usda.gov/fdc-app.html#/food-details/173033/nutrients
grapes american type,67,17.15,0.9,16.25,0.35,0.63,5,100,0.092,0.057,0.3,0.024,0.11,4,4,0.19,14.6,5.6,,14,0.04,,0.29,5,0.718,10,191,0.1,2,0.04,,,https://fdc.nal.usda.gov/fdc-app.html#/food-details/174682/nutrients
grapes european type,69,18.1,0.9,17.2,0.16,0.72,3,66,0.069,0.07,0.188,0.05,0.086,2,3.2,0.19,14.6,5.6,0.1,10,0.127,7.8,0.36,7,0.071,20,191,0.1,2,0.07,,,https://fdc.nal.usda.gov/fdc-app.html#/food-details/174683/nutrients
grapes muscadine,57,13.93,3.9,10.03,0.47,0.81,3,67,,1.5,,,,2,6.5,,,,,37,0.119,,0.26,14,1.973,24,203,,1,0.11,,,https://fdc.nal.usda.gov/fdc-app.html#/food-details/173040/nutrients
guava,68,14.32,5.4,8.92,0.95,2.55,31,624,0.067,0.04,1.084,0.451,0.11,49,228.3,0.73,2.6,7.6,,18,0.23,,0.26,22,0.15,40,417,0.6,2,0.23,,,https://fdc.nal.usda.gov/fdc-app.html#/food-details/173044/nutrients
guava strawberry,69,17.36,5.4,11.96,0.6,0.58,5,90,0.03,0.03,0.6,,,,37,,,,,21,,,0.22,17,,27,292,,37,,"Purple, Cherry Guava",,https://fdc.nal.usda.gov/fdc-app.html#/food-details/173045/nutrients
jackfruit,95,23.25,1.5,21.75,0.64,1.72,5,110,0.105,0.055,0.92,0.235,0.329,24,13.7,0.34,,,,24,0.076,,0.23,29,0.043,21,448,,2,0.13,Kathal,,https://fdc.nal.usda.gov/fdc-app.html#/food-details/174687/nutrients
jujube,79,20.23,,,0.2,1.2,2,40,0.02,0.04,0.9,,0.081,,69,,,,,21,0.073,,0.48,10,0.084,23,250,,3,0.05,,,https://fdc.nal.usda.gov/fdc-app.html#/food-details/168151/nutrients
kiwifruit,61,14.66,3,11.66,0.52,1.14,4,87,0.027,0.025,0.341,0.183,0.063,25,92.7,1.46,40.3,7.8,0.5,34,0.13,,0.31,17,0.098,34,312,0.2,3,0.14,Chinese Gooseberry,,https://fdc.nal.usda.gov/fdc-app.html#/food-details/168153/nutrients
kumquat,71,15.9,6.5,9.4,0.86,1.88,15,290,0.037,0.09,0.429,0.208,0.036,17,43.9,0.15,0,8.4,,62,0.095,,0.86,20,0.135,19,186,0,10,0.17,,,https://fdc.nal.usda.gov/fdc-app.html#/food-details/168154/nutrients
lemon juice,22,6.9,0.3,6.6,0.24,0.35,0,6,0.024,0.015,0.091,0.131,0.046,20,38.7,0.15,0,5.1,,6,0.016,,0.08,6,0.012,8,103,0.1,1,0.05,,,https://fdc.nal.usda.gov/fdc-app.html#/food-details/167747/nutrients
lemon peel,47,16,10.6,5.4,0.3,1.5,3,50,0.06,0.08,0.4,0.319,0.172,13,129,0.25,0,8.5,,134,0.092,,0.8,15,,12,160,0.7,6,0.25,,,https://fdc.nal.usda.gov/fdc-app.html#/food-details/167749/nutrients
lime,30,10.54,2.8,7.74,0.2,0.7,2,50,0.03,0.02,0.2,0.217,0.043,8,29.1,0.22,0.6,5.1,,33,0.065,,0.6,6,0.008,18,102,0.4,2,0.11,,,https://fdc.nal.usda.gov/fdc-app.html#/food-details/168155/nutrients
lime juice,25,8.42,0.4,8.02,0.07,0.42,2,50,0.025,0.015,0.142,0.123,0.038,10,30,0.22,0.6,5.1,0.2,14,0.027,,0.09,8,0.018,14,117,0.1,2,0.08,,,https://fdc.nal.usda.gov/fdc-app.html#/food-details/168156/nutrients
litchi,66,16.53,1.3,15.23,0.44,0.83,0,0,0.011,0.065,0.603,,0.1,14,71.5,0.07,0.4,7.1,,5,0.148,,0.31,10,0.055,31,171,0.6,1,0.07,Lychee,,https://fdc.nal.usda.gov/fdc-app.html#/food-details/169086/nutrients
loganberry,55,13.02,5.3,7.72,0.31,1.52,2,35,0.05,0.034,0.84,0.244,0.065,26,15.3,0.87,7.8,8.5,,26,0.117,,0.64,21,1.247,26,145,0.2,1,0.34,,Frozen,https://fdc.nal.usda.gov/fdc-app.html#/food-details/169088/nutrients
longan,60,15.14,1.1,14.04,0.1,1.31,,,0.031,0.14,0.3,,,,84,,,,,1,0.169,,0.13,10,0.052,21,266,,0,0.05,,,https://fdc.nal.usda.gov/fdc-app.html#/food-details/169089/nutrients
loquat,47,12.14,1.7,10.44,0.2,0.43,76,1528,0.019,0.024,0.18,,0.1,14,1,,,,,16,0.04,,0.28,13,0.148,27,266,0.6,1,0.05,Japanese Plum,,https://fdc.nal.usda.gov/fdc-app.html#/food-details/169908/nutrients
lotus seed,89,17.28,,,0.53,4.13,1,13,0.171,0.04,0.429,0.228,0.168,28,0,,,,,44,0.094,,0.95,56,0.621,168,367,,1,0.28,,,https://fdc.nal.usda.gov/fdc-app.html#/food-details/168591/nutrients
mamey apple,51,12.5,3,9.5,0.5,0.5,12,230,0.02,0.04,0.4,0.103,0.1,14,14,,,,,11,0.086,,0.7,16,,11,47,0.6,15,0.1,,,https://fdc.nal.usda.gov/fdc-app.html#/food-details/169909/nutrients
mango,60,14.98,1.6,13.38,0.38,0.82,54,1082,0.028,0.038,0.669,0.197,0.119,43,36.4,0.9,4.2,7.6,,11,0.111,,0.16,10,0.063,14,168,0.6,1,0.09,,,https://fdc.nal.usda.gov/fdc-app.html#/food-details/169910/nutrients
melon cantaloupe,34,8.16,0.9,7.26,0.19,0.84,169,3382,0.041,0.019,0.734,0.105,0.072,21,36.7,0.05,2.5,7.6,0.1,9,0.041,1,0.21,12,0.041,15,267,0.4,16,0.18,,,https://fdc.nal.usda.gov/fdc-app.html#/food-details/169092/nutrients
melon casaba,28,6.58,0.9,5.68,0.1,1.11,0,0,0.015,0.031,0.232,0.084,0.163,8,21.8,0.05,2.5,7.6,,11,0.06,,0.34,11,0.035,5,182,0.4,9,0.07,,,https://fdc.nal.usda.gov/fdc-app.html#/food-details/169093/nutrients
melon honeydew,36,9.09,0.8,8.29,0.14,0.54,3,50,0.038,0.012,0.418,0.155,0.088,19,18,0.02,2.9,7.6,,6,0.024,,0.17,10,0.027,11,228,0.7,18,0.09,,,https://fdc.nal.usda.gov/fdc-app.html#/food-details/169911/nutrients
mulberry,43,9.8,1.7,8.1,0.39,1.44,1,25,0.029,0.101,0.62,,0.05,6,36.4,0.87,7.8,12.3,,39,0.06,,1.85,18,,38,194,0.6,10,0.12,,,https://fdc.nal.usda.gov/fdc-app.html#/food-details/169913/nutrients
oheloberry,28,6.84,,,0.22,0.38,42,830,0.017,0.036,0.27,,,,6,,,,,7,,,0.09,6,,10,38,,1,,,,https://fdc.nal.usda.gov/fdc-app.html#/food-details/169915/nutrients
olive black,105,6.06,3,3.06,9.54,0.88,19,,0.003,0,0.032,,0.01,0,1.1,1.65,1.4,9.2,,90,0.244,,3.31,4,,3,8,0.9,735,0.22,,,https://fdc.nal.usda.gov/fdc-app.html#/food-details/788842/nutrients
olive green,145,3.84,3.3,0.54,15.32,1.03,20,,0.021,0.007,0.237,,0.031,3,0,3.81,1.4,14.2,,52,0.12,,0.49,11,,4,42,0.9,1556,0.04,,,https://fdc.nal.usda.gov/fdc-app.html#/food-details/788841/nutrients
opuntia,41,9.57,3.6,5.97,0.51,0.73,2,43,0.014,0.06,0.46,,0.06,6,14,,,,,56,0.08,,0.3,85,,24,220,0.6,5,0.12,Prickly Pear,,https://fdc.nal.usda.gov/fdc-app.html#/food-details/167750/nutrients
orange,47,11.75,2.4,9.35,0.12,0.94,11,225,0.087,0.04,0.282,0.25,0.06,30,53.2,0.18,0,8.4,,40,0.045,,0.1,10,0.025,14,181,0.5,0,0.07,,,https://fdc.nal.usda.gov/fdc-app.html#/food-details/169097/nutrients
orange navel,49,12.54,2.2,10.34,0.15,0.91,12,247,0.068,0.051,0.425,0.261,0.079,34,59.1,0.15,0,8.4,0.1,43,0.039,,0.13,11,0.029,23,166,0,1,0.08,,,https://fdc.nal.usda.gov/fdc-app.html#/food-details/169917/nutrients
orange peel,97,25,10.6,14.4,0.2,1.5,21,420,0.12,0.09,0.9,0.49,0.176,30,136,0.25,,,,161,0.092,,0.8,22,,21,212,1,3,0.25,,,https://fdc.nal.usda.gov/fdc-app.html#/food-details/169103/nutrients
orange tangerine,53,13.34,1.8,11.54,0.31,0.81,34,681,0.058,0.036,0.376,0.216,0.078,16,26.7,0.2,0,10.2,0.1,37,0.042,,0.15,12,0.039,20,166,0.1,2,0.07,Mandarin Orange,,https://fdc.nal.usda.gov/fdc-app.html#/food-details/169105/nutrients
papaya,43,10.82,1.7,9.12,0.26,0.47,47,950,0.023,0.027,0.357,0.191,0.038,37,60.9,0.3,2.6,6.1,,20,0.045,,0.25,21,0.04,10,182,0.6,8,0.08,,,https://fdc.nal.usda.gov/fdc-app.html#/food-details/169926/nutrients
passion fruit purple,97,23.38,10.4,12.98,0.7,2.2,64,1272,0,0.13,1.5,,0.1,14,30,0.02,0.7,7.6,,12,0.086,,1.6,29,,68,348,0.6,28,0.1,Granadilla,,https://fdc.nal.usda.gov/fdc-app.html#/food-details/169108/nutrients
peach yellow,39,9.54,1.5,8.04,0.25,0.91,16,326,0.024,0.031,0.806,0.153,0.025,4,6.6,0.73,2.6,6.1,0.3,6,0.068,4,0.25,9,0.061,20,190,0.1,0,0.17,,,https://fdc.nal.usda.gov/fdc-app.html#/food-details/169928/nutrients
peach nectarine,44,10.55,1.7,8.85,0.32,1.06,17,332,0.034,0.027,1.125,0.185,0.025,5,5.4,0.77,2.2,6.2,0.2,6,0.086,,0.28,9,0.054,26,201,0,0,0.17,,,https://fdc.nal.usda.gov/fdc-app.html#/food-details/169914/nutrients
pear,57,15.23,3.1,12.13,0.14,0.36,1,25,0.012,0.026,0.161,0.049,0.029,7,4.3,0.12,4.4,5.1,0.2,9,0.082,2.2,0.18,7,0.048,12,116,0.1,1,0.1,,,https://fdc.nal.usda.gov/fdc-app.html#/food-details/169118/nutrients
pear asian,42,10.65,3.6,7.05,0.23,0.5,0,0,0.009,0.01,0.219,0.07,0.022,8,3.8,0.12,4.5,5.1,,4,0.05,,0,8,0.06,11,121,0.1,0,0.02,,,https://fdc.nal.usda.gov/fdc-app.html#/food-details/168177/nutrients
pear bartlett,63,15.01,3.1,11.91,0.16,0.39,1,28,0.012,0.026,0.164,0.042,0.026,6,4.4,0.12,3.8,5.1,,9,0.078,,0.19,6,0.037,11,101,0.1,1,0.08,,,https://fdc.nal.usda.gov/fdc-app.html#/food-details/167776/nutrients
pear bosc,67,16.1,3.1,13,0.09,0.36,1,19,0.012,0.023,0.152,0.057,0.021,7,2.8,0.12,5.2,5.1,,10,0.104,,0.15,7,0.047,14,122,0,1,0.13,,,https://fdc.nal.usda.gov/fdc-app.html#/food-details/167778/nutrients
pear green anjou,66,15.79,3.1,12.69,0.1,0.44,1,25,0.01,0.022,0.151,0.043,0.026,9,4.4,0.12,4.3,5.1,,11,0.077,,0.24,7,0.048,13,127,0,1,0.1,,,https://fdc.nal.usda.gov/fdc-app.html#/food-details/167779/nutrients
pear red anjou,62,14.94,3,11.94,0.14,0.33,1,24,0.012,0.028,0.162,0.053,0.039,7,5.2,0.12,4.9,5.1,,11,0.07,,0.19,7,0.056,13,123,0.1,1,0.13,,,https://fdc.nal.usda.gov/fdc-app.html#/food-details/167777/nutrients
persimmon,70,18.59,3.6,14.99,0.19,0.58,81,1627,0.03,0.02,0.1,,0.1,8,7.5,0.73,2.6,7.6,,8,0.113,,0.15,9,0.355,17,161,0.6,1,0.11,,Japanese,https://fdc.nal.usda.gov/fdc-app.html#/food-details/169941/nutrients
physalis,53,11.2,,,0.7,1.9,36,720,0.11,0.04,2.8,,,,11,,,,,9,,,1,,,40,,,,,Ground Cherry,,https://fdc.nal.usda.gov/fdc-app.html#/food-details/173043/nutrients
pineapple,45,11.82,,,0.13,0.55,3,52,0.078,0.029,0.47,0.193,0.106,11,16.9,,0.7,5.6,0.1,13,0.081,,0.25,12,1.593,9,125,0,1,0.08,Ananas,,https://fdc.nal.usda.gov/fdc-app.html#/food-details/168193/nutrients
pineapple extra sweet,51,13.5,1.4,12.1,0.11,0.53,3,57,0.08,0.033,0.507,0.217,0.114,19,56.4,0.02,0.7,5.4,0.1,13,0.113,,0.28,12,0.818,8,108,0.1,1,0.12,,,https://fdc.nal.usda.gov/fdc-app.html#/food-details/168194/nutrients
pitanga,33,7.49,,,0.4,0.8,75,1500,0.03,0.04,0.3,,,,26.3,,,,,9,,,0.2,12,,11,103,,3,,Suriname Cherry,,https://fdc.nal.usda.gov/fdc-app.html#/food-details/169129/nutrients
plantain green,152,36.66,2.2,34.46,0.07,1.25,,,0.1,0.1,0.55,0.53,0.07,28,20.2,,,,,2,0.116,,0.75,41,0.109,31,431,,2,0.18,,type of Banana,https://fdc.nal.usda.gov/fdc-app.html#/food-details/168215/nutrients
plantain yellow,122,31.89,1.7,30.19,0.35,1.3,56,1127,0.062,0.076,0.672,0.3,0.242,22,18.4,0,28.8,13.5,,3,0.074,,0.55,36,0.144,32,487,1.5,4,0.19,,type of Banana,https://fdc.nal.usda.gov/fdc-app.html#/food-details/169130/nutrients
plum,46,11.42,1.4,10.02,0.28,0.7,17,345,0.028,0.026,0.417,0.135,0.029,5,9.5,0.26,6.4,1.9,,6,0.057,2,0.17,7,0.052,16,157,0,0,0.1,,,https://fdc.nal.usda.gov/fdc-app.html#/food-details/169949/nutrients
plum java,60,15.56,,,0.23,0.72,0,3,0.006,0.012,0.26,,0.038,,14.3,,,,,19,,,0.19,15,,17,79,,14,,"Jamun, Jambolan, Black Plum",,https://fdc.nal.usda.gov/fdc-app.html#/food-details/168150/nutrients
pomegranate,83,18.7,4,14.7,1.17,1.67,0,0,0.067,0.053,0.293,0.377,0.075,38,10.2,0.6,16.4,7.6,,10,0.158,,0.3,12,0.119,36,236,0.5,3,0.35,,,https://fdc.nal.usda.gov/fdc-app.html#/food-details/169134/nutrients
pummelo,38,9.62,1,8.62,0.04,0.76,0,8,0.034,0.027,0.22,,0.036,,61,,,,,4,0.048,,0.11,6,0.017,17,216,,1,0.08,Pomelo,,https://fdc.nal.usda.gov/fdc-app.html#/food-details/167754/nutrients
quince,57,15.3,1.9,13.4,0.1,0.4,2,40,0.02,0.03,0.2,0.081,0.04,3,15,,,,,11,0.13,,0.7,8,,17,197,0.6,4,0.04,,,https://fdc.nal.usda.gov/fdc-app.html#/food-details/168163/nutrients
raspberry,52,11.94,6.5,5.44,0.65,1.2,2,33,0.032,0.038,0.598,0.329,0.055,21,26.2,0.87,7.8,12.3,0.8,25,0.09,,0.69,22,0.67,29,151,0.2,1,0.42,,,https://fdc.nal.usda.gov/fdc-app.html#/food-details/167755/nutrients
rhubarb,21,4.54,1.8,2.74,0.2,0.9,5,102,0.02,0.03,0.3,0.085,0.024,7,8,0.27,29.3,6.1,,86,0.021,,0.22,12,0.196,14,288,1.1,4,0.1,,,https://fdc.nal.usda.gov/fdc-app.html#/food-details/167758/nutrients
roselle,49,11.31,,,0.64,0.96,14,287,0.011,0.028,0.31,,,,12,,,,,215,,,1.48,51,,37,208,,6,,,,https://fdc.nal.usda.gov/fdc-app.html#/food-details/168170/nutrients
rowal,111,23.9,6.2,17.7,2,2.3,19,383,,,,,,,25.8,,,,,15,1.06,,2.2,32,0.155,52,131,,4,0.43,,,https://fdc.nal.usda.gov/fdc-app.html#/food-details/167783/nutrients
sapodilla,83,19.96,5.3,14.66,1.1,0.44,3,60,0,0.02,0.2,0.252,0.037,14,14.7,,,,,21,0.086,,0.8,12,,12,193,0.6,12,0.1,"Chikoo, Sapota",,https://fdc.nal.usda.gov/fdc-app.html#/food-details/167759/nutrients
sapotes,124,32.1,5.4,26.7,0.46,1.45,7,143,0.013,0.116,1.432,0.397,0.72,7,23,2.11,,,,18,0.213,,0.78,11,0.204,26,454,,7,0.19,,,https://fdc.nal.usda.gov/fdc-app.html#/food-details/167760/nutrients
soursop,66,16.84,3.3,13.54,0.3,1,0,2,0.07,0.05,0.9,0.253,0.059,14,20.6,0.08,0.4,7.6,,14,0.086,,0.6,21,,27,278,0.6,14,0.1,,,https://fdc.nal.usda.gov/fdc-app.html#/food-details/167761/nutrients
strawberry,32,7.68,2,5.68,0.3,0.67,1,12,0.024,0.022,0.386,0.125,0.047,24,58.8,0.29,2.2,5.7,0.2,16,0.048,4.4,0.41,13,0.386,24,153,0.4,1,0.14,,,https://fdc.nal.usda.gov/fdc-app.html#/food-details/167762/nutrients
sweetsop,94,23.64,4.4,19.24,0.29,2.06,0,6,0.11,0.113,0.883,0.226,0.2,14,36.3,,,,,24,0.086,,0.6,21,,32,247,0.6,9,0.1,"Sugar Apple, Sitaphal",,https://fdc.nal.usda.gov/fdc-app.html#/food-details/168175/nutrients
tamarind,239,62.5,5.1,57.4,0.6,2.8,2,30,0.428,0.152,1.938,0.143,0.066,14,3.5,0.1,2.8,8.6,,74,0.086,,2.8,92,,113,628,1.3,28,0.1,Imli,,https://fdc.nal.usda.gov/fdc-app.html#/food-details/167763/nutrients
watermelon,30,7.55,0.4,7.15,0.15,0.61,28,569,0.033,0.021,0.178,0.221,0.045,3,8.1,0.05,0.1,4.1,0.3,7,0.042,1.5,0.24,10,0.038,11,112,0.4,1,0.1,,,https://fdc.nal.usda.gov/fdc-app.html#/food-details/167765/nutrients
amaranth leaves,23,4.02,,,0.33,2.46,146,2917,0.027,0.158,0.658,0.064,0.192,85,43.3,,1140,,,215,0.162,,2.32,55,0.885,50,611,0.9,20,0.9,"Laal Bhaaji, Chaulai",,https://fdc.nal.usda.gov/fdc-app.html#/food-details/168385/nutrients
arrowhead,99,20.23,,,0.29,5.33,0,0,0.17,0.073,1.65,0.599,0.26,14,1.1,,,,,10,0.171,,2.57,51,0.36,174,922,0.7,22,0.28,,,https://fdc.nal.usda.gov/fdc-app.html#/food-details/169203/nutrients
artichoke,47,10.51,5.4,5.11,0.15,3.27,1,13,0.072,0.066,1.046,0.338,0.116,68,11.7,0.19,14.8,34.4,0.2,44,0.231,,1.28,60,0.256,90,370,0.2,94,0.49,,,https://fdc.nal.usda.gov/fdc-app.html#/food-details/169205/nutrients
arugula,25,3.65,1.6,2.05,0.66,2.58,119,2373,0.044,0.086,0.305,0.437,0.073,97,15,0.43,108.6,15.3,0.1,160,0.076,,1.46,47,0.321,52,369,0.3,27,0.47,,,https://fdc.nal.usda.gov/fdc-app.html#/food-details/169387/nutrients
asparagus,20,3.88,2.1,1.78,0.12,2.2,38,756,0.143,0.141,0.978,0.274,0.091,52,5.6,1.13,41.6,16,0.6,24,0.189,,2.14,14,0.158,52,202,2.3,2,0.54,,,https://fdc.nal.usda.gov/fdc-app.html#/food-details/168389/nutrients
avocado,160,8.53,6.7,1.83,14.66,2,7,146,0.067,0.13,1.738,1.389,0.257,81,10,2.07,21,14.2,0.7,12,0.19,7,0.55,29,0.142,52,485,0.4,7,0.64,,,https://fdc.nal.usda.gov/fdc-app.html#/food-details/171705/nutrients
bamboo shoots,27,5.2,2.2,3,0.3,2.6,1,20,0.15,0.07,0.6,0.161,0.24,7,4,1,0,0,,13,0.19,,0.5,3,0.262,59,533,0.8,4,1.1,,,https://fdc.nal.usda.gov/fdc-app.html#/food-details/169210/nutrients
basil,23,2.65,1.6,1.05,0.64,3.15,264,5275,0.034,0.076,0.902,0.209,0.155,68,18,0.8,414.8,11.4,0.4,177,0.385,,3.17,64,1.148,56,295,0.3,4,0.81,,,https://fdc.nal.usda.gov/fdc-app.html#/food-details/172232/nutrients
beet greens,22,4.33,3.7,0.63,0.13,2.2,316,6326,0.1,0.22,0.4,0.25,0.106,15,30,1.5,400,0.4,,117,0.191,,2.57,70,0.391,41,762,0.9,226,0.38,,,https://fdc.nal.usda.gov/fdc-app.html#/food-details/170375/nutrients
beets,43,9.56,2.8,6.76,0.17,1.61,2,33,0.031,0.04,0.334,0.155,0.067,109,4.9,0.04,0.2,6,128.7,16,0.075,,0.8,23,0.329,40,325,0.7,78,0.35,,,https://fdc.nal.usda.gov/fdc-app.html#/food-details/169145/nutrients
bitter gourd leafy tips,30,3.29,,,0.69,5.3,87,1734,0.181,0.362,1.11,0.063,0.803,128,88,,,,,84,0.201,,2.04,85,0.536,99,608,0.9,11,0.3,,,https://fdc.nal.usda.gov/fdc-app.html#/food-details/168391/nutrients
bitter gourd pod,17,3.7,2.8,0.9,0.17,1,24,471,0.04,0.04,0.4,0.212,0.043,72,84,,,,,19,0.034,,0.43,17,0.089,31,296,0.2,5,0.8,"Balsam-Pear, Karela",,https://fdc.nal.usda.gov/fdc-app.html#/food-details/168393/nutrients
bottle gourd,14,3.39,0.5,2.89,0.02,0.62,,16,0.029,0.022,0.32,0.152,0.04,6,10.1,,,,,26,0.026,,0.2,11,0.066,13,150,0.2,2,0.7,"Calabash, Lauki",,https://fdc.nal.usda.gov/fdc-app.html#/food-details/169232/nutrients
broccoli,34,6.64,2.6,4.04,0.37,2.82,31,623,0.071,0.117,0.639,0.573,0.175,63,89.2,0.78,101.6,18.7,0.1,47,0.049,,0.73,21,0.21,66,316,2.5,33,0.41,,,https://fdc.nal.usda.gov/fdc-app.html#/food-details/170379/nutrients
"broccoli leaves, stalks, flower clusters",28,5.06,2.3,2.76,0.35,2.98,,16000,0.065,0.119,0.638,0.535,0.159,71,93.2,,,,,48,0.045,,0.88,25,0.229,66,325,3,27,0.4,,,https://fdc.nal.usda.gov/fdc-app.html#/food-details/169329/nutrients
brussels sprouts,43,8.95,3.8,5.15,0.3,3.38,38,754,0.139,0.09,0.745,0.309,0.219,61,85,0.88,177,19.1,0.8,42,0.07,,1.4,23,0.337,69,389,1.6,25,0.42,,,https://fdc.nal.usda.gov/fdc-app.html#/food-details/170383/nutrients
cabbage,25,5.8,2.5,3.3,0.1,1.28,5,98,0.061,0.04,0.234,0.212,0.124,43,36.6,0.15,76,10.7,0.4,40,0.019,1,0.47,12,0.16,26,170,0.3,18,0.18,,,https://fdc.nal.usda.gov/fdc-app.html#/food-details/169975/nutrients
cabbage bok choy,13,2.18,1,1.18,0.2,1.5,223,4468,0.04,0.07,0.5,0.088,0.194,66,45,0.09,45.5,6.4,0.3,105,0.021,,0.8,19,0.159,37,252,0.5,65,0.19,"Pak Choi, Pok Choi",,https://fdc.nal.usda.gov/fdc-app.html#/food-details/170390/nutrients
cabbage napa,16,3.23,1.2,2.03,0.2,1.2,16,318,0.04,0.05,0.4,0.105,0.232,79,27,0.12,42.9,7.6,0.3,77,0.036,,0.31,13,0.19,29,238,0.6,9,0.23,"Pe-Tsai, Chinese",,https://fdc.nal.usda.gov/fdc-app.html#/food-details/169979/nutrients
cabbage red,31,7.37,2.1,5.27,0.16,1.43,56,1116,0.064,0.069,0.418,0.147,0.209,18,57,0.11,38.2,17.1,0.1,45,0.017,,0.8,16,0.243,30,243,0.6,27,0.22,,,https://fdc.nal.usda.gov/fdc-app.html#/food-details/169977/nutrients
cabbage savoy,27,6.1,3.1,3,0.1,2,50,1000,0.07,0.03,0.3,0.187,0.19,80,31,0.17,68.8,12.3,0.5,35,0.062,,0.4,28,0.18,42,230,0.9,28,0.27,,,https://fdc.nal.usda.gov/fdc-app.html#/food-details/170388/nutrients
capsicum green,20,4.64,1.7,2.94,0.17,0.86,18,370,0.057,0.028,0.48,0.099,0.224,10,80.4,0.37,7.4,5.5,0.1,10,0.066,2,0.34,10,0.122,20,175,0,3,0.13,"Pepper, Bell Pepper, Sweet Pepper",,https://fdc.nal.usda.gov/fdc-app.html#/food-details/170427/nutrients
capsicum red,26,6.03,2.1,3.93,0.3,0.99,157,3131,0.054,0.085,0.979,0.317,0.291,46,127.7,1.58,4.9,5.6,0.1,7,0.017,,0.43,12,0.112,26,211,0.1,4,0.25,"Pepper, Bell Pepper, Sweet Pepper",,https://fdc.nal.usda.gov/fdc-app.html#/food-details/170108/nutrients
capsicum yellow,27,6.32,0.9,5.42,0.21,1,10,200,0.028,0.025,0.89,0.168,0.168,26,183.5,,,,,11,0.107,,0.46,12,0.117,24,212,0.3,2,0.17,"Pepper, Bell Pepper, Sweet Pepper",,https://fdc.nal.usda.gov/fdc-app.html#/food-details/169383/nutrients
carrot,41,9.58,2.8,6.78,0.24,0.93,835,16706,0.066,0.058,0.983,0.273,0.138,19,5.9,0.66,13.2,8.8,0.4,33,0.045,3.2,0.3,12,0.143,35,320,0.1,69,0.24,,,https://fdc.nal.usda.gov/fdc-app.html#/food-details/170393/nutrients
carrot baby,35,8.24,2.9,5.34,0.13,0.64,690,13790,0.03,0.036,0.556,0.401,0.105,27,2.6,,9.4,7.5,0.1,32,0.1,,0.89,10,0.151,28,237,0.9,78,0.17,,,https://fdc.nal.usda.gov/fdc-app.html#/food-details/168568/nutrients
cauliflower,25,4.97,2,2.97,0.28,1.92,0,0,0.05,0.06,0.507,0.667,0.184,57,48.2,0.08,15.5,44.3,,22,0.039,1,0.42,15,0.155,44,299,0.6,30,0.27,,,https://fdc.nal.usda.gov/fdc-app.html#/food-details/169986/nutrients
cauliflower green,31,6.09,3.2,2.89,0.3,2.95,8,155,0.08,0.102,0.734,0.696,0.222,57,88.1,0.04,20.2,57.1,,33,0.041,,0.73,20,0.247,62,300,0.6,23,0.64,,,https://fdc.nal.usda.gov/fdc-app.html#/food-details/169389/nutrients
celery,14,2.97,1.6,1.37,0.17,0.69,22,449,0.021,0.057,0.32,0.246,0.074,36,3.1,0.27,29.3,6.1,0.1,40,0.035,4,0.2,11,0.103,24,260,0.4,80,0.13,,,https://fdc.nal.usda.gov/fdc-app.html#/food-details/169988/nutrients
chard swiss,19,3.74,1.6,2.14,0.2,1.8,306,6116,0.04,0.09,0.4,0.172,0.099,14,30,1.89,830,18,0.3,51,0.179,,1.8,81,0.366,46,379,0.9,213,0.36,,,https://fdc.nal.usda.gov/fdc-app.html#/food-details/169991/nutrients
chilli green,40,9.46,1.5,7.96,0.2,2,59,1179,0.09,0.09,0.95,0.061,0.278,23,242.5,0.69,14.3,11.1,,18,0.174,,1.2,25,0.237,46,340,0.5,7,0.3,Hot Chilli,,https://fdc.nal.usda.gov/fdc-app.html#/food-details/170497/nutrients
chilli red,40,8.81,1.5,7.31,0.44,1.87,48,952,0.072,0.086,1.244,0.201,0.506,23,143.7,0.69,14,10.9,,14,0.129,,1.03,23,0.187,43,322,0.5,9,0.26,Hot Chilli,,https://fdc.nal.usda.gov/fdc-app.html#/food-details/170106/nutrients
chives,30,4.35,2.5,1.85,0.73,3.27,218,4353,0.078,0.115,0.647,0.324,0.138,105,58.1,0.21,212.7,5.2,,92,0.157,,1.6,42,0.373,58,296,0.9,3,0.56,,,https://fdc.nal.usda.gov/fdc-app.html#/food-details/169994/nutrients
chrysanthemum garland,24,3.02,3,0.02,0.56,3.36,116,2320,0.13,0.144,0.531,0.221,0.176,177,1.4,,350,,,117,0.137,,2.29,32,0.943,54,567,,118,0.71,,,https://fdc.nal.usda.gov/fdc-app.html#/food-details/169995/nutrients
chrysanthemum leaves,24,3.01,3,0.01,0.56,3.36,94,1870,0.13,0.144,0.531,0.221,0.176,177,1.4,,,,,117,0.137,,2.3,32,0.943,54,567,0.3,118,0.71,,,https://fdc.nal.usda.gov/fdc-app.html#/food-details/168491/nutrients
coconut meat,354,15.23,9,6.23,33.49,3.33,0,0,0.066,0.02,0.54,0.3,0.054,26,3.3,0.24,0.2,12.1,,14,0.435,,2.43,32,1.5,113,356,10.1,20,1.1,,,https://fdc.nal.usda.gov/fdc-app.html#/food-details/170169/nutrients
collard,32,5.42,4,1.42,0.61,3.02,251,5019,0.054,0.13,0.742,0.267,0.165,129,35.3,2.26,437.1,23.2,0.4,232,0.046,,0.47,27,0.658,25,213,1.3,17,0.21,,,https://fdc.nal.usda.gov/fdc-app.html#/food-details/170406/nutrients
coriander,23,3.67,2.8,0.87,0.52,2.13,337,6748,0.067,0.162,1.114,0.57,0.149,62,27,2.5,310,12.8,,67,0.225,,1.77,26,0.426,48,521,0.9,46,0.5,,,https://fdc.nal.usda.gov/fdc-app.html#/food-details/169997/nutrients
corn white,86,19.02,2.7,16.32,1.18,3.22,0,1,0.2,0.06,1.7,0.76,0.055,46,6.8,0.07,0.3,,,2,0.054,,0.52,37,0.161,89,270,0.6,15,0.45,,,https://fdc.nal.usda.gov/fdc-app.html#/food-details/168538/nutrients
corn yellow,86,18.7,2,16.7,1.35,3.27,9,187,0.155,0.055,1.77,0.717,0.093,42,6.8,0.07,0.3,23,,2,0.054,,0.52,37,0.163,89,270,0.6,15,0.46,,,https://fdc.nal.usda.gov/fdc-app.html#/food-details/169998/nutrients
cowpea (pods + seeds),44,9.5,3.3,6.2,0.3,3.3,68,1369,0.15,0.14,1.2,0.945,0.173,53,33,0.49,31.5,22,,65,0.1,,1,58,0.308,65,215,0.9,4,0.34,,,https://fdc.nal.usda.gov/fdc-app.html#/food-details/168405/nutrients
cowpea leafy tips,29,4.82,,,0.25,4.1,36,712,0.354,0.175,1.12,0.06,0.177,101,36,,,,,63,0.191,,1.92,43,0.509,9,455,0.9,7,0.29,,,https://fdc.nal.usda.gov/fdc-app.html#/food-details/169224/nutrients
cowpea seeds (immature),90,18.83,5,13.83,0.35,2.95,41,817,0.11,0.145,1.45,0.151,0.067,168,2.5,,,,,126,0.13,,1.1,51,0.56,53,431,2.3,4,1.01,,,https://fdc.nal.usda.gov/fdc-app.html#/food-details/169220/nutrients
cucumber (with peel),15,3.63,0.5,3.13,0.11,0.65,5,105,0.027,0.033,0.098,0.259,0.04,7,2.8,0.03,16.4,6,0.1,16,0.041,1.3,0.28,13,0.079,24,147,0.3,2,0.2,,,https://fdc.nal.usda.gov/fdc-app.html#/food-details/168409/nutrients
cucumber (without peel),10,2.16,0.7,1.46,0.16,0.59,4,72,0.031,0.025,0.037,0.24,0.051,14,3.2,0.03,7.2,5.7,0.1,14,0.071,1.3,0.22,12,0.073,21,136,0.1,2,0.17,,,https://fdc.nal.usda.gov/fdc-app.html#/food-details/169225/nutrients
dandelion greens,45,9.2,3.5,5.7,0.7,2.7,508,10161,0.19,0.26,0.806,0.084,0.251,27,35,3.44,778.4,35.3,,187,0.171,,3.1,36,0.342,66,397,0.5,76,0.41,,,https://fdc.nal.usda.gov/fdc-app.html#/food-details/169226/nutrients
dill leaves,43,7.02,2.1,4.92,1.12,3.46,386,7718,0.058,0.296,1.57,0.397,0.185,150,85,,,,,208,0.146,,6.59,55,1.264,66,738,,61,0.91,Suva,,https://fdc.nal.usda.gov/fdc-app.html#/food-details/172233/nutrients
edamame,109,7.61,4.8,2.81,4.73,11.22,,,0.15,0.265,0.925,0.535,0.135,303,9.7,0.72,31.4,56,0.7,60,0.324,,2.11,61,1.01,161,482,,6,1.32,,"Frozen, Unprepared",https://fdc.nal.usda.gov/fdc-app.html#/food-details/168410/nutrients
eggplant,25,5.88,3,2.88,0.18,0.98,1,23,0.039,0.037,0.649,0.281,0.084,22,2.2,0.3,3.5,6.9,,9,0.081,,0.23,14,0.232,24,229,0.3,2,0.16,"Brinjal, Baingan, Bhata",,https://fdc.nal.usda.gov/fdc-app.html#/food-details/169228/nutrients
endive,17,3.35,3.1,0.25,0.2,1.25,108,2167,0.08,0.075,0.4,0.9,0.02,142,6.5,0.44,231,16.8,,52,0.099,,0.83,15,0.42,28,314,0.2,22,0.79,,,https://fdc.nal.usda.gov/fdc-app.html#/food-details/168412/nutrients
fava beans (pods + seeds),88,17.63,7.5,10.13,0.73,7.92,17,333,0.133,0.29,2.249,0.225,0.104,148,3.7,1.16,40.9,,,37,0.402,,1.55,33,0.661,129,332,0.8,25,1,Broad Beans,,https://fdc.nal.usda.gov/fdc-app.html#/food-details/168574/nutrients
fenugreek leaves,43,7.1,3.6,3.5,0.75,4.82,,6033,,,,,,,55.5,,,,,107,,,2.53,,,,626,,,,Methi,,https://www.fatsecret.com/calories-nutrition/generic/fenugreek-leaves?portionid=17042115&portionamount=100.000
french beans green,31,6.97,2.7,4.27,0.22,1.83,35,690,0.082,0.104,0.734,0.225,0.141,33,12.2,0.41,43,15.3,0.1,37,0.069,19,1.03,25,0.216,38,211,0.6,6,0.24,"Green, String, Snap Beans",,https://fdc.nal.usda.gov/fdc-app.html#/food-details/169961/nutrients
french beans yellow,31,7.13,3.4,3.73,0.12,1.82,,108,0.084,0.105,0.752,0.094,0.074,37,16.3,0.41,43.2,15.3,,37,0.069,,1.04,25,0.214,38,209,0.6,6,0.24,"Wax, Snap Beans",,https://fdc.nal.usda.gov/fdc-app.html#/food-details/169320/nutrients
garlic,149,33.06,2.1,30.96,0.5,6.36,0,9,0.2,0.11,0.7,0.596,1.235,3,31.2,0.08,1.7,23.2,,181,0.299,,1.7,25,1.672,153,401,14.2,17,1.16,,,https://fdc.nal.usda.gov/fdc-app.html#/food-details/169230/nutrients
ginger,80,17.77,2,15.77,0.75,1.82,0,0,0.025,0.034,0.75,0.203,0.16,11,5,0.26,0.1,28.8,,16,0.226,,0.6,43,0.229,34,415,0.7,13,0.34,,,https://fdc.nal.usda.gov/fdc-app.html#/food-details/169231/nutrients
gooseberry,44,10.18,4.3,5.88,0.58,0.88,15,290,0.04,0.03,0.3,0.286,0.08,6,27.7,0.37,,,,25,0.07,,0.31,10,0.144,27,198,0.6,1,0.12,Amla,,https://fdc.nal.usda.gov/fdc-app.html#/food-details/173030/nutrients
grape leaves,93,17.31,11,6.31,2.12,5.6,1376,27521,0.04,0.354,2.362,0.231,0.4,83,11.1,2,108.6,12.8,,363,0.415,,2.63,95,2.855,91,272,0.9,9,0.67,,,https://fdc.nal.usda.gov/fdc-app.html#/food-details/168575/nutrients
hyacinth bean seeds (immature),46,9.19,3.3,5.89,0.2,2.1,43,864,0.077,0.092,0.52,0.055,0.024,62,12.9,0.51,18.1,19.1,,50,0.047,,0.74,40,0.205,49,252,1.5,2,0.37,Lablab,,https://fdc.nal.usda.gov/fdc-app.html#/food-details/169234/nutrients
ivy gourd,18,3.1,1.6,1.5,0.1,1.2,,,0.07,0.08,0.07,,,,1.4,,,,,40,,,1.4,,,,30,,,,"Coccinia Grandis, Kundru",,https://www.healthbenefitstimes.com/ivy-gourd/
jackfruit,95,23.25,1.5,21.75,0.64,1.72,5,110,0.105,0.055,0.92,0.235,0.329,24,13.7,0.34,,,,24,0.076,,0.23,29,0.043,21,448,,2,0.13,Kathal,,https://fdc.nal.usda.gov/fdc-app.html#/food-details/174687/nutrients
jalapeno,29,6.5,2.8,3.7,0.37,0.91,54,1078,0.04,0.07,1.28,0.315,0.419,27,118.6,3.58,18.5,7.5,,12,0.046,,0.25,15,0.097,26,248,0.4,3,0.14,,,https://fdc.nal.usda.gov/fdc-app.html#/food-details/168576/nutrients
kale,35,4.42,4.1,0.32,1.49,2.92,241,4812,0.113,0.347,1.18,0.37,0.147,62,93.4,0.66,389.6,0.5,0.3,254,0.053,,1.6,33,0.92,55,348,0.9,53,0.39,,,https://fdc.nal.usda.gov/fdc-app.html#/food-details/168421/nutrients
kale chinese,26,4.67,2.6,2.07,0.76,1.2,86,1720,0.1,0.153,0.459,,0.074,104,29.6,0.5,89.1,26.5,,105,0.064,,0.59,19,,43,274,1.4,7,0.41,"Chinese Broccoli, Gai Lan",,https://fdc.nal.usda.gov/fdc-app.html#/food-details/169404/nutrients
kohlrabi,27,6.2,3.6,2.6,0.1,1.7,2,36,0.05,0.02,0.4,0.165,0.15,16,62,0.48,0.1,12.3,,24,0.129,,0.4,19,0.139,46,350,0.7,20,0.03,,,https://fdc.nal.usda.gov/fdc-app.html#/food-details/168424/nutrients
lambsquarters,43,7.3,4,3.3,0.8,4.2,580,11600,0.16,0.44,1.2,0.092,0.274,30,80,,,,,309,0.293,,1.2,34,0.782,72,452,0.9,43,0.44,,,https://fdc.nal.usda.gov/fdc-app.html#/food-details/169244/nutrients
leeks,61,14.15,1.8,12.35,0.3,1.5,83,1667,0.06,0.03,0.4,0.14,0.233,64,12,0.92,47,9.5,,59,0.12,,2.1,28,0.481,35,180,1,20,0.12,,,https://fdc.nal.usda.gov/fdc-app.html#/food-details/169246/nutrients
lemon grass,99,25.31,,,0.49,1.82,0,6,0.065,0.135,1.101,0.05,0.08,75,2.6,,,,,65,0.266,,8.17,60,5.224,101,723,0.7,6,2.23,"Cymbopogon, Citronella",,https://fdc.nal.usda.gov/fdc-app.html#/food-details/168573/nutrients
lemon juice,22,6.9,0.3,6.6,0.24,0.35,0,6,0.024,0.015,0.091,0.131,0.046,20,38.7,0.15,0,5.1,,6,0.016,,0.08,6,0.012,8,103,0.1,1,0.05,,,https://fdc.nal.usda.gov/fdc-app.html#/food-details/167747/nutrients
lemon peel,47,16,10.6,5.4,0.3,1.5,3,50,0.06,0.08,0.4,0.319,0.172,13,129,0.25,0,8.5,,134,0.092,,0.8,15,,12,160,0.7,6,0.25,,,https://fdc.nal.usda.gov/fdc-app.html#/food-details/167749/nutrients
lettuce butterhead,13,2.23,1.1,1.13,0.22,1.35,166,3312,0.057,0.062,0.357,0.15,0.082,73,3.7,0.18,102.3,8.4,0.1,35,0.016,,1.24,13,0.179,33,238,0.6,5,0.2,,,https://fdc.nal.usda.gov/fdc-app.html#/food-details/168429/nutrients
lettuce cos/romaine,17,3.29,2.1,1.19,0.3,1.23,436,8710,0.072,0.067,0.313,0.142,0.074,136,4,0.13,102.5,9.9,0.1,33,0.048,,0.97,14,0.155,30,247,0.4,8,0.23,,,https://fdc.nal.usda.gov/fdc-app.html#/food-details/169247/nutrients
lettuce green leaf,15,2.87,1.3,1.57,0.15,1.36,370,7405,0.07,0.08,0.375,0.134,0.09,38,9.2,0.22,126.3,13.6,0.2,36,0.029,,0.86,13,0.25,29,194,0.6,28,0.18,,,https://fdc.nal.usda.gov/fdc-app.html#/food-details/169249/nutrients
lettuce iceberg,15,2.87,1.3,1.57,0.15,1.36,370,7405,0.07,0.08,0.375,0.134,0.09,38,9.2,0.22,126.3,13.6,0.2,36,0.029,,0.86,13,0.25,29,194,0.6,28,0.18,,,https://fdc.nal.usda.gov/fdc-app.html#/food-details/169249/nutrients
lettuce red leaf,13,2.26,0.9,1.36,0.22,1.33,375,7492,0.064,0.077,0.321,0.144,0.1,36,3.7,0.15,140.3,11.8,0.2,33,0.028,,1.2,12,0.203,28,187,1.5,25,0.2,,,https://fdc.nal.usda.gov/fdc-app.html#/food-details/168431/nutrients
lima bean seeds (immature),113,20.17,4.9,15.27,0.86,6.84,10,209,0.217,0.103,1.474,0.247,0.204,34,23.4,0.32,5.6,40,,34,0.318,,3.14,58,1.215,136,467,1.8,8,0.78,,,https://fdc.nal.usda.gov/fdc-app.html#/food-details/168396/nutrients
lime,30,10.54,2.8,7.74,0.2,0.7,2,50,0.03,0.02,0.2,0.217,0.043,8,29.1,0.22,0.6,5.1,,33,0.065,,0.6,6,0.008,18,102,0.4,2,0.11,,,https://fdc.nal.usda.gov/fdc-app.html#/food-details/168155/nutrients
lime juice,25,8.42,0.4,8.02,0.07,0.42,2,50,0.025,0.015,0.142,0.123,0.038,10,30,0.22,0.6,5.1,0.2,14,0.027,,0.09,8,0.018,14,117,0.1,2,0.08,,,https://fdc.nal.usda.gov/fdc-app.html#/food-details/168156/nutrients
lotus root,74,17.23,4.9,12.33,0.1,2.6,0,0,0.16,0.22,0.4,0.377,0.258,13,44,,,,,45,0.257,,1.16,23,0.261,100,556,0.7,40,0.39,,,https://fdc.nal.usda.gov/fdc-app.html#/food-details/169250/nutrients
moringa leaves,64,8.28,2,6.28,1.4,9.4,378,7564,0.257,0.66,2.22,0.125,1.2,40,51.7,,,,,185,0.105,,4,42,1.063,112,337,0.9,9,0.6,Drumstick Leaves,,https://fdc.nal.usda.gov/fdc-app.html#/food-details/168416/nutrients
moringa pods,37,8.53,3.2,5.33,0.2,2.1,4,74,0.053,0.074,0.62,0.794,0.12,44,141,,,,,30,0.084,,0.36,45,0.259,50,461,0.7,42,0.45,Drumstick Pods,,https://fdc.nal.usda.gov/fdc-app.html#/food-details/170483/nutrients
mushroom chanterelle,32,6.86,3.8,3.06,0.53,1.49,,,0.015,0.215,4.085,1.075,0.044,2,,,,,,15,0.353,,3.47,13,0.286,57,506,2.2,9,0.71,,,https://fdc.nal.usda.gov/fdc-app.html#/food-details/168422/nutrients
mushroom cremini/italian,22,4.3,0.6,3.7,0.1,2.5,0,0,0.095,0.49,3.8,1.5,0.11,25,0,0.01,0,22.1,11.1,18,0.5,,0.4,9,0.142,120,448,26,6,1.1,,Vit-B12: 0.1 µg,https://fdc.nal.usda.gov/fdc-app.html#/food-details/168434/nutrients
mushroom enoki,37,7.81,2.7,5.11,0.29,2.66,,,0.225,0.2,7.032,1.35,0.1,48,0,0.01,0.5,47.7,1.4,0,0.107,,1.15,16,0.075,105,359,2.2,3,0.65,,,https://fdc.nal.usda.gov/fdc-app.html#/food-details/169382/nutrients
mushroom maitake,31,6.97,2.7,4.27,0.19,1.94,0,0,0.146,0.242,6.585,0.27,0.056,21,0,0.01,0,51.1,,1,0.252,,0.3,10,0.059,74,204,2.2,1,0.75,,,https://fdc.nal.usda.gov/fdc-app.html#/food-details/169403/nutrients
mushroom morel,31,5.1,2.8,2.3,0.57,3.12,0,0,0.069,0.205,2.252,0.44,0.136,9,,,,,,43,0.625,,12.18,19,0.587,194,411,2.2,21,2.03,,,https://fdc.nal.usda.gov/fdc-app.html#/food-details/168423/nutrients
mushroom oyster,33,6.09,2.3,3.79,0.41,3.31,2,48,0.125,0.349,4.956,1.294,0.11,38,0,0,0,48.7,12.1,3,0.244,,1.33,18,0.113,120,420,2.6,18,0.77,,,https://fdc.nal.usda.gov/fdc-app.html#/food-details/168580/nutrients
mushroom portobello,22,3.87,1.3,2.57,0.35,2.11,0,0,0.059,0.13,4.494,1.14,0.148,28,0,0.02,1.8,21.2,6.1,3,0.286,,0.31,,0.069,108,364,18.6,9,0.53,Portabella Mushroom,Vit-B12: 0.1 µg,https://fdc.nal.usda.gov/fdc-app.html#/food-details/169255/nutrients
mushroom shiitake,34,6.79,2.5,4.29,0.49,2.24,,,0.015,0.217,3.877,1.5,0.293,13,,,,,,2,0.142,,0.41,20,0.23,112,304,5.7,9,1.03,,Vit-D: 0.4 µg,https://fdc.nal.usda.gov/fdc-app.html#/food-details/169242/nutrients
mushroom white,22,3.26,1,2.26,0.34,3.09,0,0,0.081,0.402,3.607,1.497,0.104,17,2.1,0.01,1,17.3,9.4,3,0.318,,0.5,9,0.047,86,318,9.3,5,0.52,,Vit-D: 0.2 µg,https://fdc.nal.usda.gov/fdc-app.html#/food-details/169251/nutrients
mustard greens,27,4.67,3.2,1.47,0.42,2.86,151,3024,0.08,0.11,0.8,0.21,0.18,12,70,2.01,257.5,0.5,,115,0.165,,1.64,32,,58,384,0.9,20,0.25,,,https://fdc.nal.usda.gov/fdc-app.html#/food-details/169256/nutrients
mustard spinach,22,3.9,2.8,1.1,0.3,2.2,495,9900,0.068,0.093,0.678,0.178,0.153,159,130,,,,,210,0.075,,1.5,11,0.407,28,449,0.8,21,0.17,Komatsuna,,https://fdc.nal.usda.gov/fdc-app.html#/food-details/168438/nutrients
okra,33,7.45,3.2,4.25,0.19,1.93,36,716,0.2,0.06,1,0.245,0.215,60,23,0.27,31.3,12.3,,82,0.109,,0.62,57,0.788,61,299,0.7,7,0.58,"Ladyfinger, Bhindi",,https://fdc.nal.usda.gov/fdc-app.html#/food-details/169260/nutrients
olive black,105,6.06,3,3.06,9.54,0.88,19,,0.003,0,0.032,,0.01,0,1.1,1.65,1.4,9.2,,90,0.244,,3.31,4,,3,8,0.9,735,0.22,,,https://fdc.nal.usda.gov/fdc-app.html#/food-details/788842/nutrients
olive green,145,3.84,3.3,0.54,15.32,1.03,20,,0.021,0.007,0.237,,0.031,3,0,3.81,1.4,14.2,,52,0.12,,0.49,11,,4,42,0.9,1556,0.04,,,https://fdc.nal.usda.gov/fdc-app.html#/food-details/788841/nutrients
onion,40,9.34,1.7,7.64,0.1,1.1,0,2,0.046,0.027,0.116,0.123,0.12,19,7.4,0.02,0.4,6.1,0.1,23,0.039,1.1,0.21,10,0.129,29,146,0.5,4,0.17,,,https://fdc.nal.usda.gov/fdc-app.html#/food-details/170000/nutrients
onion shallot,72,16.8,3.2,13.6,0.1,2.5,0,4,0.06,0.02,0.2,0.29,0.345,34,8,0.04,0.8,11.3,,37,0.088,,1.2,21,0.292,60,334,1.2,12,0.4,,,https://fdc.nal.usda.gov/fdc-app.html#/food-details/170499/nutrients
onion spring,32,7.34,2.6,4.74,0.19,1.83,50,997,0.055,0.08,0.525,0.075,0.061,64,18.8,0.55,207,5.7,,72,0.083,,1.48,20,0.16,37,276,0.6,16,0.39,Scallion,,https://fdc.nal.usda.gov/fdc-app.html#/food-details/170005/nutrients
onion sweet,32,7.55,0.9,6.65,0.08,0.8,0,1,0.041,0.02,0.133,0.098,0.13,23,4.8,0.02,0.3,5.5,0.1,20,0.056,,0.26,9,0.076,27,119,0.5,8,0.13,,,https://fdc.nal.usda.gov/fdc-app.html#/food-details/170008/nutrients
onion welsh,34,6.5,2.4,4.1,0.4,1.9,,1160,0.05,0.09,0.4,0.169,0.072,16,27,0.51,193.4,5.3,,18,0.07,,1.22,23,0.137,49,212,0.6,17,0.52,Bunching Onion,,https://fdc.nal.usda.gov/fdc-app.html#/food-details/170007/nutrients
parsley,36,6.33,3.3,3.03,0.79,2.97,421,8424,0.086,0.098,1.313,0.4,0.09,152,133,0.75,1640,12.8,,138,0.149,,6.2,50,0.16,58,554,0.1,56,1.07,,,https://fdc.nal.usda.gov/fdc-app.html#/food-details/170416/nutrients
parsnip,75,17.99,4.9,13.09,0.3,1.2,0,0,0.09,0.05,0.7,0.6,0.09,67,17,1.49,22.5,,,36,0.12,,0.59,29,0.56,71,375,1.8,10,0.59,,,https://fdc.nal.usda.gov/fdc-app.html#/food-details/170417/nutrients
pea,81,14.45,5.7,8.75,0.4,5.42,38,765,0.266,0.132,2.09,0.104,0.169,65,40,0.13,24.8,28.4,0.2,25,0.176,,1.47,33,0.41,108,244,1.8,5,1.24,,,https://fdc.nal.usda.gov/fdc-app.html#/food-details/170419/nutrients
pea edible-podded,42,7.55,2.6,4.95,0.2,2.8,54,1087,0.15,0.08,0.6,0.75,0.16,42,60,0.39,25,17.4,,43,0.079,,2.08,24,0.244,53,200,0.7,4,0.27,,,https://fdc.nal.usda.gov/fdc-app.html#/food-details/170010/nutrients
pepper banana,27,5.35,3.4,1.95,0.45,1.66,17,340,0.081,0.054,1.242,0.265,0.357,29,82.7,0.69,9.5,7.4,,14,0.094,,0.46,17,0.1,32,256,0.3,13,0.25,,,https://fdc.nal.usda.gov/fdc-app.html#/food-details/169394/nutrients
pepper hungarian,29,6.7,1,5.7,0.41,0.8,41,816,0.079,0.055,1.092,0.205,0.517,53,92.9,0.48,9.9,7.7,,12,0.115,,0.46,16,0.204,29,202,0.3,1,0.3,,,https://fdc.nal.usda.gov/fdc-app.html#/food-details/168578/nutrients
pepper serrano,32,6.7,3.7,3,0.44,1.74,47,937,0.054,0.081,1.537,0.2,0.505,23,44.9,0.69,11.8,8.9,,11,0.129,,0.86,22,0.187,40,305,0.4,10,0.26,,,https://fdc.nal.usda.gov/fdc-app.html#/food-details/169395/nutrients
pointed gourd,14,2.1,,,,1.6,,,0.06,0.08,0.8,0,0,29,18,0,0,,,26,0.12,,0.5,20,0.1,5,230,0,,0.3,Parwal,,https://www.checkyourfood.com/ingredients/ingredient/740/parwal-marrow
potato (with skin),77,17.49,2.1,15.39,0.09,2.05,0,2,0.081,0.032,1.061,0.295,0.298,15,19.7,0.01,2,12.1,0.2,12,0.11,,0.81,23,0.153,57,425,0.4,6,0.3,,,https://fdc.nal.usda.gov/fdc-app.html#/food-details/170026/nutrients
potato red (with skin),70,15.9,1.7,14.2,0.14,1.89,0,7,0.081,0.031,1.149,0.279,0.17,18,8.6,0.01,2.9,16.4,0.2,10,0.134,,0.73,22,0.141,61,455,0.5,18,0.33,,,https://fdc.nal.usda.gov/fdc-app.html#/food-details/170029/nutrients
potato russet (with skin),79,18.07,1.3,16.77,0.08,2.14,0,1,0.082,0.033,1.035,0.301,0.345,14,5.7,0.01,1.8,12.6,0.2,13,0.103,,0.86,23,0.157,55,417,0.4,5,0.29,,,https://fdc.nal.usda.gov/fdc-app.html#/food-details/170027/nutrients
potato skin,58,12.44,2.5,9.94,0.1,2.57,0,0,0.021,0.038,1.033,0.302,0.239,17,11.4,,,,,30,0.423,,3.24,23,0.602,38,413,0.3,10,0.35,,,https://fdc.nal.usda.gov/fdc-app.html#/food-details/170032/nutrients
potato white (with skin),69,15.71,2.4,13.31,0.1,1.68,0,8,0.071,0.034,1.066,0.281,0.203,18,9.1,0.01,1.6,11,0.2,9,0.116,,0.52,21,0.145,62,407,0.3,16,0.29,,,https://fdc.nal.usda.gov/fdc-app.html#/food-details/170028/nutrients
radish,16,3.4,1.6,1.8,0.1,0.68,0,7,0.012,0.039,0.254,0.165,0.071,25,14.8,0,1.3,6.5,0.1,25,0.05,6,0.34,10,0.069,20,233,0.6,39,0.28,,,https://fdc.nal.usda.gov/fdc-app.html#/food-details/169276/nutrients
radish greens,25,5.3,4,1.3,0.1,2.2,,1100,0.09,0.16,0.5,0.26,0.18,140,53,3.8,270,,,260,0.04,,3.1,22,0.27,57,400,,48,0.3,,,https://www.onlyfoods.net/radish-greens.html
radish oriental,18,4.1,1.6,2.5,0.1,0.6,0,0,0.02,0.02,0.2,0.138,0.046,28,22,0,0.3,7.3,0.1,27,0.115,,0.4,16,0.038,23,227,0.7,21,0.15,,,https://fdc.nal.usda.gov/fdc-app.html#/food-details/168451/nutrients
radish white icicle,14,2.63,1.4,1.23,0.1,1.1,0,0,0.03,0.02,0.3,0.184,0.075,14,29,,,,,27,0.099,,0.8,9,0.033,28,280,0.7,16,0.13,,,https://fdc.nal.usda.gov/fdc-app.html#/food-details/170081/nutrients
rapini,22,2.85,2.7,0.15,0.49,3.17,131,2622,0.162,0.129,1.221,0.322,0.171,83,20.2,1.62,224,18.3,0.3,108,0.042,,2.14,22,0.395,73,196,1,33,0.77,Broccoli Rabe,,https://fdc.nal.usda.gov/fdc-app.html#/food-details/170381/nutrients
rhubarb,21,4.54,1.8,2.74,0.2,0.9,5,102,0.02,0.03,0.3,0.085,0.024,7,8,0.27,29.3,6.1,,86,0.021,,0.22,12,0.196,14,288,1.1,4,0.1,,,https://fdc.nal.usda.gov/fdc-app.html#/food-details/167758/nutrients
seaweed agar,26,6.75,0.5,6.25,0.03,0.54,0,0,0.005,0.022,0.055,0.302,0.032,85,0,0.87,2.3,6,,54,0.061,,1.86,67,0.373,5,226,0.7,9,0.58,,,https://fdc.nal.usda.gov/fdc-app.html#/food-details/169280/nutrients
seaweed irishmoss,49,12.29,1.3,10.99,0.16,1.51,6,118,0.015,0.466,0.593,0.176,0.069,182,3,0.87,5,12.9,,72,0.149,,8.9,144,0.37,157,63,0.7,67,1.95,,,https://fdc.nal.usda.gov/fdc-app.html#/food-details/168456/nutrients
seaweed kelp,43,9.57,1.3,8.27,0.56,1.68,6,116,0.05,0.15,0.47,0.642,0.002,180,3,0.87,66,12.8,,168,0.13,,2.85,121,0.2,42,89,0.7,233,1.23,,,https://fdc.nal.usda.gov/fdc-app.html#/food-details/168457/nutrients
seaweed laver,35,5.11,0.3,4.81,0.28,5.81,260,5202,0.098,0.446,1.47,0.521,0.159,146,39,1,4,10.4,,70,0.264,,1.8,2,0.988,58,356,0.7,48,1.05,Nori,,https://fdc.nal.usda.gov/fdc-app.html#/food-details/168458/nutrients
seaweed spirulina,26,2.42,0.4,2.02,0.39,5.92,3,56,0.222,0.342,1.196,0.325,0.034,9,0.9,0.49,2.5,6.5,,12,0.597,,2.79,19,0.186,11,127,0.7,98,0.2,,,https://fdc.nal.usda.gov/fdc-app.html#/food-details/170091/nutrients
seaweed wakame,45,9.14,0.5,8.64,0.64,3.03,18,360,0.06,0.23,1.6,0.697,0.002,196,3,1,5.3,13.9,,150,0.284,,2.18,107,1.4,80,50,0.7,872,0.38,,,https://fdc.nal.usda.gov/fdc-app.html#/food-details/170496/nutrients
snake gourd,21,4.1,,,0.3,0.5,,27,0.04,0.06,0.3,0,0,15,0,0,0,0,,26,0.11,,0.3,53,0.1,20,34,0,,0.1,,,https://www.checkyourfood.com/ingredients/ingredient/1584/snake-gourd
soybean greens,147,11.05,4.2,6.85,6.8,12.95,9,180,0.435,0.175,1.65,0.147,0.065,165,29,,,,,197,0.128,,3.55,65,0.547,194,620,1.5,15,0.99,,,https://fdc.nal.usda.gov/fdc-app.html#/food-details/169282/nutrients
spinach,23,3.63,2.2,1.43,0.39,2.86,469,9377,0.078,0.189,0.724,0.065,0.195,194,28.1,2.03,482.9,19.3,102.6,99,0.13,,2.71,79,0.897,49,558,1,79,0.53,,,https://fdc.nal.usda.gov/fdc-app.html#/food-details/168462/nutrients
spinach new zealand,14,2.5,1.5,1,0.2,1.5,,4400,0.04,0.13,0.5,0.312,0.304,15,30,1.42,337,,,58,0.093,,0.8,39,0.639,28,130,0.7,130,0.38,,,https://fdc.nal.usda.gov/fdc-app.html#/food-details/168440/nutrients
spinach vine,19,3.4,,,0.3,1.8,400,8000,0.05,0.155,0.5,0.053,0.24,140,102,,,,,109,0.107,,1.2,65,0.735,52,510,0.8,24,0.43,,,https://fdc.nal.usda.gov/fdc-app.html#/food-details/170474/nutrients
spiny gourd,28,3,0,3,1,2,,443,,0.14,0.5,,,,295,,,,,31,0.1,,2,43,0.2,63,420,,,0.6,"Kantola, Kakora, Kankoda",,https://www.checkyourfood.com/ingredients/ingredient/1580/kantola-gourd
sponge gourd,20,4.35,1.1,3.25,0.2,1.2,,410,0.05,0.06,0.4,0.218,0.043,7,12,0.1,0.7,,,20,0.035,,0.36,14,0.092,32,139,0.2,3,0.07,"Towel Gourd, Dishcloth Gourd, Gilki, Turai",,https://fdc.nal.usda.gov/fdc-app.html#/food-details/168414/nutrients
squash indian,26,5.64,,,0.2,0.52,,,0.02,0.02,0.17,0.11,0.058,22,4.5,0,,,,9,0.017,,0.17,10,0.027,12,205,,20,0.07,Tinda,,https://fdc.nal.usda.gov/fdc-app.html#/food-details/168040/nutrients
squash summer all,16,3.35,1.1,2.25,0.18,1.21,10,200,0.048,0.142,0.487,0.155,0.218,29,17,0.12,3,6.7,,15,0.051,,0.35,17,0.175,38,262,0.2,2,0.29,,,https://fdc.nal.usda.gov/fdc-app.html#/food-details/170487/nutrients
squash summer crookneck/straightneck,19,3.88,1,2.88,0.27,1.01,8,150,0.051,0.041,0.448,0.16,0.104,19,19.3,0.13,3.2,7.1,,21,0.092,,0.44,20,0.172,32,222,0.2,2,0.29,,,https://fdc.nal.usda.gov/fdc-app.html#/food-details/168464/nutrients
squash summer scallop,18,3.84,1.2,2.64,0.2,1.2,11,217,0.07,0.03,0.6,0.102,0.109,30,18,0.13,3.3,7.3,,19,0.102,,0.4,23,0.157,36,182,0.2,1,0.29,,,https://fdc.nal.usda.gov/fdc-app.html#/food-details/169289/nutrients
squash winter acorn,40,10.42,1.5,8.92,0.1,0.8,18,367,0.14,0.01,0.7,0.4,0.154,17,11,,,,,33,0.065,,0.7,32,0.167,36,347,0.5,3,0.13,,,https://fdc.nal.usda.gov/fdc-app.html#/food-details/168472/nutrients
squash winter all,34,8.59,1.5,7.09,0.13,0.95,68,1367,0.03,0.062,0.5,0.188,0.156,24,12.3,0.12,1.1,10,,28,0.071,,0.58,14,0.163,23,350,0.4,4,0.21,,,https://fdc.nal.usda.gov/fdc-app.html#/food-details/170489/nutrients
squash winter butternut,45,11.69,2,9.69,0.1,1,532,10630,0.1,0.02,1.2,0.4,0.154,27,21,1.44,1.1,,,48,0.072,,0.7,34,0.202,33,352,0.5,4,0.15,,,https://fdc.nal.usda.gov/fdc-app.html#/food-details/169295/nutrients
squash winter hubbard,40,8.7,3.9,4.8,0.5,2,68,1367,0.07,0.04,0.5,0.4,0.154,16,11,0.16,1.3,11.8,,14,0.064,,0.4,19,0.179,21,320,0.5,7,0.13,,,https://fdc.nal.usda.gov/fdc-app.html#/food-details/168475/nutrients
squash winter pumpkin,26,6.5,0.5,6,0.1,1,426,8513,0.05,0.11,0.6,0.298,0.061,16,9,1.06,1.1,8.2,,21,0.127,,0.8,12,0.125,44,340,0.3,1,0.32,,,https://fdc.nal.usda.gov/fdc-app.html#/food-details/168448/nutrients
squash winter pumpkin flowers,15,3.28,,,0.07,1.03,97,1947,0.042,0.075,0.69,,,59,28,,,,,39,,,0.7,24,,49,173,0.7,5,,,,https://fdc.nal.usda.gov/fdc-app.html#/food-details/169270/nutrients
squash winter pumpkin leaves,19,2.33,,,0.4,3.15,97,1942,0.094,0.128,0.92,0.042,0.207,36,11,,,,,39,0.133,,2.22,38,0.355,104,436,0.9,11,0.2,,,https://fdc.nal.usda.gov/fdc-app.html#/food-details/169272/nutrients
squash winter spaghetti,31,6.91,1.5,5.41,0.57,0.64,6,120,0.037,0.018,0.95,0.36,0.101,12,2.1,0.13,0.9,8.2,,23,0.037,,0.31,12,0.125,12,108,0.3,17,0.19,,,https://fdc.nal.usda.gov/fdc-app.html#/food-details/169298/nutrients
squash winter zucchini (with skin),17,3.11,1,2.11,0.32,1.21,10,200,0.045,0.094,0.451,0.204,0.163,24,17.9,0.12,4.3,9.5,,16,0.053,,0.37,18,0.177,38,261,0.2,8,0.32,Courgette,,https://fdc.nal.usda.gov/fdc-app.html#/food-details/169291/nutrients
squash winter zucchini baby,21,3.11,1.1,2.01,0.4,2.71,25,490,0.042,0.036,0.705,0.367,0.142,20,34.1,,,,,21,0.097,,0.79,33,0.196,93,459,0.3,3,0.83,,,https://fdc.nal.usda.gov/fdc-app.html#/food-details/168565/nutrients
sweet potato,86,20.12,3,17.12,0.05,1.57,709,14187,0.078,0.061,0.557,0.8,0.209,11,2.4,0.26,1.8,12.3,,30,0.151,,0.61,25,0.258,47,337,0.6,55,0.3,,,https://fdc.nal.usda.gov/fdc-app.html#/food-details/168482/nutrients
sweet potato leaves,42,8.82,5.3,3.52,0.51,2.49,189,3778,0.156,0.345,1.13,0.225,0.19,,11,,302.2,,,78,,,0.97,70,,81,508,0.9,6,,,,https://fdc.nal.usda.gov/fdc-app.html#/food-details/169303/nutrients
taro leaves,42,6.7,3.7,3,0.74,4.98,241,4825,0.209,0.456,1.513,0.084,0.146,126,52,2.02,108.6,12.8,,107,0.27,,2.25,45,0.714,60,648,0.9,3,0.41,,,https://fdc.nal.usda.gov/fdc-app.html#/food-details/168487/nutrients
taro roots,112,26.46,4.1,22.36,0.2,1.5,4,76,0.095,0.025,0.6,0.303,0.283,22,4.5,2.38,1,17.3,,43,0.172,,0.55,33,0.383,84,591,0.7,11,0.23,Aravi,,https://fdc.nal.usda.gov/fdc-app.html#/food-details/169308/nutrients
taro shoots,14,3.2,,,0.08,0.73,3,51,0.038,0.053,0.81,0.076,0.112,3,18.9,,,,,14,0.094,,0.41,8,0.13,26,344,1,2,0.54,,,https://fdc.nal.usda.gov/fdc-app.html#/food-details/169309/nutrients
taro tahitian,44,6.91,,,0.97,2.79,102,2045,0.062,0.244,0.995,0.124,0.116,9,96,,,,,129,0.071,,1.3,47,0.157,45,606,0.7,50,0.09,,,https://fdc.nal.usda.gov/fdc-app.html#/food-details/169310/nutrients
thyme,101,24.45,14,10.45,1.68,5.56,238,4751,0.048,0.471,1.824,0.409,0.348,45,160.1,,,,,405,0.555,,17.45,160,1.719,106,609,,9,1.81,,,https://fdc.nal.usda.gov/fdc-app.html#/food-details/173470/nutrients
tomato green,23,5.1,1.1,4,0.2,1.2,32,642,0.06,0.04,0.5,0.5,0.081,9,23.4,0.38,10.1,8.6,,13,0.09,,0.51,10,0.1,28,204,0.4,13,0.07,,,https://fdc.nal.usda.gov/fdc-app.html#/food-details/170456/nutrients
tomato orange,16,3.18,0.9,2.28,0.19,1.16,75,1496,0.046,0.034,0.593,0.186,0.06,29,16,,,,,5,0.062,,0.47,8,0.088,29,212,0.4,42,0.14,,,https://fdc.nal.usda.gov/fdc-app.html#/food-details/170502/nutrients
tomato red,18,3.89,1.2,2.69,0.2,0.88,42,833,0.037,0.019,0.594,0.089,0.08,15,13.7,0.54,7.9,6.7,0.1,10,0.059,2.3,0.27,11,0.114,24,237,0,5,0.17,,,https://fdc.nal.usda.gov/fdc-app.html#/food-details/170457/nutrients
tomato yellow,15,2.98,0.7,2.28,0.26,0.98,0,0,0.041,0.047,1.179,0.11,0.056,30,9,,,,,11,0.101,,0.49,12,0.12,36,258,0.4,23,0.28,,,https://fdc.nal.usda.gov/fdc-app.html#/food-details/170096/nutrients
turnip,28,6.43,1.8,4.63,0.1,0.9,0,0,0.04,0.03,0.4,0.2,0.09,15,21,0.03,0.1,11.1,,30,0.085,,0.3,11,0.134,27,191,0.7,67,0.27,,,https://fdc.nal.usda.gov/fdc-app.html#/food-details/170465/nutrients
turnip greens,32,7.13,3.2,3.93,0.3,1.5,579,11587,0.07,0.1,0.6,0.38,0.263,194,60,2.86,251,,,190,0.35,,1.1,31,0.466,42,296,1.2,40,0.19,,,https://fdc.nal.usda.gov/fdc-app.html#/food-details/170061/nutrients
turnip prairie,156,35.67,8,27.67,0.36,2.62,,,0.178,0.09,1.071,,0.47,10,5.5,,0,4.8,0.1,130,0.053,,1.27,63,0.266,31,156,14.7,5,0.37,"Breadroot, Tipsin",,https://fdc.nal.usda.gov/fdc-app.html#/food-details/169818/nutrients
waterchestnut,97,23.94,3,20.94,0.1,1.4,0,0,0.14,0.2,1,0.479,0.328,16,4,1.2,0.3,36.2,,11,0.326,,0.06,22,0.331,63,584,0.7,14,0.5,,,https://fdc.nal.usda.gov/fdc-app.html#/food-details/170066/nutrients
watercress,11,1.29,0.5,0.79,0.1,2.3,160,3191,0.09,0.12,0.2,0.31,0.129,9,43,1,250,9,,120,0.077,,0.2,21,0.244,60,330,0.9,41,0.11,Yellowcress,,https://fdc.nal.usda.gov/fdc-app.html#/food-details/170068/nutrients
wax gourd,13,3,2.9,0.1,0.2,0.4,0,0,0.04,0.11,0.4,0.133,0.035,5,13,,,,,19,0.023,,0.4,10,0.058,19,6,0.2,111,0.61,Ash Gourd,,https://fdc.nal.usda.gov/fdc-app.html#/food-details/170069/nutrients
yam,118,27.88,4.1,23.78,0.17,1.53,7,138,0.112,0.032,0.552,0.314,0.293,23,17.1,0.35,2.3,16.5,,17,0.178,,0.54,21,0.397,55,816,0.7,9,0.24,,,https://fdc.nal.usda.gov/fdc-app.html#/food-details/170071/nutrients
yardlong beans,47,8.35,,,0.4,2.8,43,865,0.107,0.11,0.41,0.055,0.024,62,18.8,,,,,50,0.048,,0.47,44,0.205,59,240,1.5,4,0.37,,,https://fdc.nal.usda.gov/fdc-app.html#/food-details/169222/nutrients